Marko,Markovic,marko@mail.com,10.10.2018.
Janko,Markovic,marko@mail.com,10.10.2018.
Petar,Markovic,marko@mail.com,10.10.2018.
Marko,Markovic,marko@mail.com,10.10.2018.
Janko,Markovic,marko@mail.com,10.10.2018.
Petar,Markovic,marko@mail.com,10.10.2018.
Marko,Markovic,marko@mail.com,10.10.2018.
Janko,Markovic,marko@mail.com,10.10.2018.
Petar,Markovic,marko@mail.com,10.10.2018.
Marko,Markovic,marko@mail.com,10.10.2018.
Janko,Markovic,marko@mail.com,10.10.2018.
Petar,Markovic,marko@mail.com,10.10.2018.
Marko,Markovic,marko@mail.com,10.10.2018.
Janko,Markovic,marko@mail.com,10.10.2018.
Petar,Markovic,marko@mail.com,10.10.2018.
Marko,Markovic,marko@mail.com,10.10.2018.
Janko,Markovic,marko@mail.com,10.10.2018.
Petar,Markovic,marko@mail.com,10.10.2018.
Marko,Markovic,marko@mail.com,10.10.2018.
Janko,Markovic,marko@mail.com,10.10.2018.
Petar,Markovic,marko@mail.com,10.10.2018.